placename,url,address
"
CHAMA — Post Office™
","https://tools.usps.com/find-location.htm?location=1357592
","
199 5TH ST W
CHAMA, NM 87520-9998
"
"
MINERAL — Post Office™
","https://tools.usps.com/find-location.htm?location=1373296
","
38450 STATE HIGHWAY 36 E
MINERAL, CA 96063-9998
"
"
STERLING — Post Office™
","https://tools.usps.com/find-location.htm?location=1383520
","
116 S BROADWAY AVE
STERLING, KS 67579-9998
"
"
PERSHING — Post Office™
","https://tools.usps.com/find-location.htm?location=1377276
","
401 E MAIN ST
PERSHING, IN 47370-9998
"
"
ATTICA — Post Office™
","https://tools.usps.com/find-location.htm?location=1353626
","
76 MAIN ST
ATTICA, NY 14011-9998
"
"
FALCON HEIGHTS — Post Office™
","https://tools.usps.com/find-location.htm?location=1363064
","
582 FM 2098
FALCON HEIGHTS, TX 78545-9800
"
"
BARTLETT — Post Office™
","https://tools.usps.com/find-location.htm?location=1354121
","
1373 US ROUTE 302
BARTLETT, NH 03812-9998
"
"
NORTH LAS VEGAS — Post Office™
","https://tools.usps.com/find-location.htm?location=1375362
","
1414 E LAKE MEAD BLVD
NORTH LAS VEGAS, NV 89030-9998
"
"
LA SALLE — Post Office™
","https://tools.usps.com/find-location.htm?location=1369426
","
524 N 2ND ST
LA SALLE, CO 80645-3309
"
"
WARWICK — Post Office™
","https://tools.usps.com/find-location.htm?location=1386473
","
108 MAIN ST
WARWICK, NY 10990-9998
"
"
ORLEANS — Post Office™
","https://tools.usps.com/find-location.htm?location=1376298
","
56 MAIN ST
ORLEANS, MA 02653-9998
"
"
SIERRA CITY — Post Office™
","https://tools.usps.com/find-location.htm?location=1381635
","
215 MAIN ST
SIERRA CITY, CA 96125-9995
"
"
FARMINGTON — Post Office™
","https://tools.usps.com/find-location.htm?location=1363177
","
210 MAIN ST
FARMINGTON, CT 06032-9998
"
"
DOWNTOWN CHATTANOOGA — Post Office™
","https://tools.usps.com/find-location.htm?location=1361203
","
910 GEORGIA AVE
CHATTANOOGA, TN 37402-2228
"
"
KINSTON — Post Office™
","https://tools.usps.com/find-location.htm?location=1438181
","
208 E CASWELL ST
KINSTON, NC 28501-4995
"
"
EGLIN AFB — Post Office™
","https://tools.usps.com/find-location.htm?location=1362152
","
307 W VAN MATRE AVE
EGLIN AFB, FL 32542-9998
"
"
LEBANON — Post Office™
","https://tools.usps.com/find-location.htm?location=1370055
","
226 E GAY ST
LEBANON, TN 37087-9998
"
"
CADMAN PLAZA — Post Office™
","https://tools.usps.com/find-location.htm?location=1433796
","
271 CADMAN PLZ E STE 2
BROOKLYN, NY 11201-9997
"
"
MALMO — Post Office™
","https://tools.usps.com/find-location.htm?location=1371557
","
158 CENTER AVE
MALMO, NE 68040-9700
"
"
HENDERSON — Post Office™
","https://tools.usps.com/find-location.htm?location=1366707
","
121 W MAIN
HENDERSON, MI 48841-8700
"
"
FOWLER — Post Office™
","https://tools.usps.com/find-location.htm?location=1363925
","
34191 COUNTY ROAD 3.5 STE B
FOWLER, CO 81039-9778
"
"
MORGAN — Post Office™
","https://tools.usps.com/find-location.htm?location=1373782
","
11017 DICKEY ST
MORGAN, GA 39866-9998
"
"
BIRCHLEAF — Post Office™
","https://tools.usps.com/find-location.htm?location=1437263
","
166 RAKES RIDGE RD
BIRCHLEAF, VA 24220-9998
"
"
FLETCHER — Post Office™
","https://tools.usps.com/find-location.htm?location=1363517
","
7682 OLD HIGHWAY H
FLETCHER, MO 63030-9998
"
"
COLUMBUS — Post Office™
","https://tools.usps.com/find-location.htm?location=1436941
","
850 TWIN RIVERS DR
COLUMBUS, OH 43216-9712
"
"
RAPIDAN — Post Office™
","https://tools.usps.com/find-location.htm?location=1378822
","
9767 LOCUST DALE RD
RAPIDAN, VA 22733-9997
"
"
CROW AGENCY — Post Office™
","https://tools.usps.com/find-location.htm?location=1359923
","
7001 E MAKAWASHA AVE
CROW AGENCY, MT 59022-9998
"
"
TIFF — Post Office™
","https://tools.usps.com/find-location.htm?location=1384647
","
13528 TIFF LN
TIFF, MO 63674-9998
"
"
PENDLETON — Post Office™
","https://tools.usps.com/find-location.htm?location=1377138
","
137 W STATE ST
PENDLETON, IN 46064-9998
"
"
BELLVUE — Post Office™
","https://tools.usps.com/find-location.htm?location=1354562
","
5301 RIST CANYON RD
BELLVUE, CO 80512-6036
"
"
BELLVUE — Post Office™
","https://tools.usps.com/find-location.htm?location=1354562
","
5301 RIST CANYON RD
BELLVUE, CO 80512-6036
"
"
PRICHARD — Post Office™
","https://tools.usps.com/find-location.htm?location=1378400
","
1 N ROBERTSON ST
PRICHARD, WV 25555-9998
"
"
HINES — Post Office™
","https://tools.usps.com/find-location.htm?location=1367079
","
128 SW CIRCLE DR
HINES, OR 97738-9700
"
"
NAVAL AIR STATION MEMPHIS — Post Office™
","https://tools.usps.com/find-location.htm?location=1437229
","
5722 INTEGRITY DR
MILLINGTON, TN 38054-5028
"
"
BENNINGTON — Post Office™
","https://tools.usps.com/find-location.htm?location=1354657
","
116 N NELSON ST
BENNINGTON, KS 67422-9998
"
"
WESTPORT — Post Office™
","https://tools.usps.com/find-location.htm?location=1387360
","
6915 MAIN ST
WESTPORT, KY 40077-9998
"
"
JAMESTOWN — Post Office™
","https://tools.usps.com/find-location.htm?location=1368254
","
100 W ROW ST
JAMESTOWN, MO 65046-9998
"
"
DELTAVILLE — Post Office™
","https://tools.usps.com/find-location.htm?location=1360646
","
17283 GENERAL PULLER HWY
DELTAVILLE, VA 23043-2206
"
"
ADAMSVILLE — Post Office™
","https://tools.usps.com/find-location.htm?location=1352364
","
3609 GRAY AVE
ADAMSVILLE, AL 35005-2238
"
"
BOILING SPRINGS — Post Office™
","https://tools.usps.com/find-location.htm?location=1355340
","
101 N MAIN ST
BOILING SPRINGS, NC 28017-9798
"
"
CARLIN — Post Office™
","https://tools.usps.com/find-location.htm?location=1357019
","
1106 CHESTNUT ST
CARLIN, NV 89822-9995
"
"
LINCOLN CITY — Post Office™
","https://tools.usps.com/find-location.htm?location=1370470
","
3029 E SOUTH ST
LINCOLN CITY, IN 47552-9998
"
"
SAINT PETERSBURG — Post Office™
","https://tools.usps.com/find-location.htm?location=1380445
","
3135 1ST AVE N
SAINT PETERSBURG, FL 33730-9998
"
"
BISHOP — Post Office™
","https://tools.usps.com/find-location.htm?location=1355027
","
4861 MACON HWY
BISHOP, GA 30621-9998
"
"
JUPITER — Post Office™
","https://tools.usps.com/find-location.htm?location=1368621
","
1095 MILITARY TRL
JUPITER, FL 33458-9998
"
"
CHETEK — Post Office™
","https://tools.usps.com/find-location.htm?location=1357886
","
535 1ST ST
CHETEK, WI 54728-8960
"
"
DENTON — Post Office™
","https://tools.usps.com/find-location.htm?location=1360693
","
101 E MCKINNEY ST
DENTON, TX 76201-4255
"
"
VARYSBURG — Post Office™
","https://tools.usps.com/find-location.htm?location=1385773
","
2489 ROUTE 20A
VARYSBURG, NY 14167-9998
"
"
BEAVER — Post Office™
","https://tools.usps.com/find-location.htm?location=1354366
","
123 BEAVER PLZ
BEAVER, WV 25813-9998
"
"
DOWNTOWN BEAUMONT — Post Office™
","https://tools.usps.com/find-location.htm?location=1361141
","
300 WILLOW ST STE 1
BEAUMONT, TX 77701-2296
"
"
WOODBRIDGE — Post Office™
","https://tools.usps.com/find-location.htm?location=1388159
","
1810 REDDY DR
WOODBRIDGE, VA 22191-9998
"
"
SURRY — Post Office™
","https://tools.usps.com/find-location.htm?location=1384050
","
91 COLONIAL TRL E
SURRY, VA 23883-9998
"
"
GAINESVILLE — Post Office™
","https://tools.usps.com/find-location.htm?location=1364317
","
364 GREEN ST NE
GAINESVILLE, GA 30501-3310
"
"
ROCKVALE — Post Office™
","https://tools.usps.com/find-location.htm?location=1379694
","
615 RAILROAD ST
ROCKVALE, CO 81244-9990
"
"
OAK HILL — Post Office™
","https://tools.usps.com/find-location.htm?location=1375719
","
129 E HALIFAX AVE
OAK HILL, FL 32759-9998
"
"
WALLOWA — Post Office™
","https://tools.usps.com/find-location.htm?location=1386284
","
104 N STORIE ST
WALLOWA, OR 97885-5000
"
"
KINGSTOWNE — Post Office™
","https://tools.usps.com/find-location.htm?location=1437703
","
5900 BARCLAY DR
ALEXANDRIA, VA 22315-9998
"
"
HENSEL — Post Office™
","https://tools.usps.com/find-location.htm?location=1435196
","
109 E MAIN ST
HENSEL, ND 58241-9998
"
"
CAMDEN WYOMING — Post Office™
","https://tools.usps.com/find-location.htm?location=1356741
","
2 OLD NORTH RD
CAMDEN WYOMING, DE 19934-9998
"
"
METALINE FALLS — Post Office™
","https://tools.usps.com/find-location.htm?location=1372838
","
224 E 5TH AVE
METALINE FALLS, WA 99153-9998
"
"
EAGLE NEST — Post Office™
","https://tools.usps.com/find-location.htm?location=1361591
","
152 W THERMA DR
EAGLE NEST, NM 87718-9998
"
"
HANOVER — Post Office™
","https://tools.usps.com/find-location.htm?location=1444441
","
1 HANOVER ST FL 1
NEW YORK, NY 10005-9992
"
"
LONE PINE — Post Office™
","https://tools.usps.com/find-location.htm?location=1370844
","
121 E BUSH ST
LONE PINE, CA 93545-9997
"
"
NORTHPORT — Post Office™
","https://tools.usps.com/find-location.htm?location=1375536
","
409 CENTER AVE
NORTHPORT, WA 99157-9998
"
"
NORTHPORT — Post Office™
","https://tools.usps.com/find-location.htm?location=1375536
","
409 CENTER AVE
NORTHPORT, WA 99157-9998
"
"
DELTAVILLE — Post Office™
","https://tools.usps.com/find-location.htm?location=1360646
","
17283 GENERAL PULLER HWY
DELTAVILLE, VA 23043-2206
"
"
ENTERPRISE — Post Office™
","https://tools.usps.com/find-location.htm?location=1362659
","
201 W NORTH ST
ENTERPRISE, OR 97828-1038
"
"
JEDDO — Post Office™
","https://tools.usps.com/find-location.htm?location=1368330
","
8511 WILDCAT RD
JEDDO, MI 48032-9998
"
"
MANCHESTER — Post Office™
","https://tools.usps.com/find-location.htm?location=1371611
","
3100 WESTMINSTER ST
MANCHESTER, MD 21102-9998
"
"
WESTLAKE — Post Office™
","https://tools.usps.com/find-location.htm?location=1437099
","
27300 CENTER RIDGE RD
WESTLAKE, OH 44145-9998
"
"
WINSTON SALEM — Post Office™
","https://tools.usps.com/find-location.htm?location=1388037
","
1500 N PATTERSON AVE
WINSTON SALEM, NC 27105-6049
"
"
WINSTON SALEM — Post Office™
","https://tools.usps.com/find-location.htm?location=1388037
","
1500 N PATTERSON AVE
WINSTON SALEM, NC 27105-6049
"
"
WOODCLIFF — Post Office™
","https://tools.usps.com/find-location.htm?location=1388174
","
7915 BERGENLINE AVE
NORTH BERGEN, NJ 07047-9996
"
"
CUMBERLAND — Post Office™
","https://tools.usps.com/find-location.htm?location=1360025
","
215 PARK ST
CUMBERLAND, MD 21502-9998
"
"
PORT ORANGE — Post Office™
","https://tools.usps.com/find-location.htm?location=1433254
","
725 DUNLAWTON AVE
PORT ORANGE, FL 32127-9226
"
"
SUMNER — Post Office™
","https://tools.usps.com/find-location.htm?location=1383944
","
1313 FRYAR AVE
SUMNER, WA 98390-9998
"
"
CARLSBAD — Post Office™
","https://tools.usps.com/find-location.htm?location=1357037
","
301 N CANYON ST
CARLSBAD, NM 88220-9998
"
"
DOWNTOWN SCRANTON — Post Office™
","https://tools.usps.com/find-location.htm?location=1361241
","
235 N WASHINGTON AVE OFC
SCRANTON, PA 18503-1540
"
"
LAMBROOK — Post Office™
","https://tools.usps.com/find-location.htm?location=1369746
","
31393 HIGHWAY 20
LAMBROOK, AR 72353-9998
"
"
SHERIDAN — Post Office™
","https://tools.usps.com/find-location.htm?location=1381484
","
5730 SHERIDAN LINCOLN BLVD
SHERIDAN, CA 95681-9998
"
"
HUDDLESTON — Post Office™
","https://tools.usps.com/find-location.htm?location=1367548
","
1080 TOLERS FERRY RD
HUDDLESTON, VA 24104-9998
"
"
COMSTOCK — Post Office™
","https://tools.usps.com/find-location.htm?location=1358876
","
101 E MAIN
COMSTOCK, NE 68828-9754
"
"
HENDERSON — Post Office™
","https://tools.usps.com/find-location.htm?location=1366707
","
121 W MAIN
HENDERSON, MI 48841-8700
"
"
FLETCHER — Post Office™
","https://tools.usps.com/find-location.htm?location=1363516
","
103 N SELBY
FLETCHER, OK 73541-9998
"
"
OCONEE — Post Office™
","https://tools.usps.com/find-location.htm?location=1375880
","
10 OAK ST
OCONEE, IL 62553-9998
"
"
JACKSONVILLE — Post Office™
","https://tools.usps.com/find-location.htm?location=1368214
","
1205 W MAIN ST
JACKSONVILLE, AR 72076-9998
"
"
GOULDS — Post Office™
","https://tools.usps.com/find-location.htm?location=1438691
","
22350 OLD DIXIE HWY
MIAMI, FL 33170-9998
"
"
THOMPSON — Post Office™
","https://tools.usps.com/find-location.htm?location=1384565
","
10339 AUDRAIN ROAD 945
THOMPSON, MO 65285-9998
"
"
KINROSS — Post Office™
","https://tools.usps.com/find-location.htm?location=1369134
","
16901 S HASSETT DR
KINROSS, MI 49752-9800
"
"
LAKEHEAD — Post Office™
","https://tools.usps.com/find-location.htm?location=1369665
","
20856 ANTLERS RD
LAKEHEAD, CA 96051-9998
"
"
MANCHESTER — Post Office™
","https://tools.usps.com/find-location.htm?location=1440585
","
19391 US HIGHWAY 1
MANCHESTER, CA 95459-9998
"
"
EAGLE NEST — Post Office™
","https://tools.usps.com/find-location.htm?location=1361591
","
152 W THERMA DR
EAGLE NEST, NM 87718-9998
"
"
KENTLAND — Post Office™
","https://tools.usps.com/find-location.htm?location=1368902
","
309 E GRAHAM ST
KENTLAND, IN 47951-9998
"
"
MOUNT SHASTA — Post Office™
","https://tools.usps.com/find-location.htm?location=1374070
","
301 S MOUNT SHASTA BLVD
MOUNT SHASTA, CA 96067-9998
"
"
MOUNT SHASTA — Post Office™
","https://tools.usps.com/find-location.htm?location=1374070
","
301 S MOUNT SHASTA BLVD
MOUNT SHASTA, CA 96067-9998
"
"
SHOEMAKERSVILLE — Post Office™
","https://tools.usps.com/find-location.htm?location=1381567
","
511 FRANKLIN ST
SHOEMAKERSVILLE, PA 19555-9998
"
"
ATWATER — Post Office™
","https://tools.usps.com/find-location.htm?location=1353635
","
6713 WATERLOO RD
ATWATER, OH 44201-9998
"
"
ADAMSVILLE — Post Office™
","https://tools.usps.com/find-location.htm?location=1352364
","
3609 GRAY AVE
ADAMSVILLE, AL 35005-2238
"
"
CLINCHCO — Post Office™
","https://tools.usps.com/find-location.htm?location=1358389
","
16556 DICKENSON HWY
CLINCHCO, VA 24226-9998
"
"
PANAMA — Post Office™
","https://tools.usps.com/find-location.htm?location=1376710
","
118 MAIN ST
PANAMA, IA 51562-9700
"
"
FREMONT CENTER — Post Office™
","https://tools.usps.com/find-location.htm?location=1364134
","
37 COUNTY ROAD 93
FREMONT CENTER, NY 12736-9998
"
"
VIENNA — Post Office™
","https://tools.usps.com/find-location.htm?location=1385953
","
8 KIMBALL POND RD
VIENNA, ME 04360-9998
"
"
SWAN VALLEY — Post Office™
","https://tools.usps.com/find-location.htm?location=1384087
","
3004 SWAN VALLEY HWY
SWAN VALLEY, ID 83449-9998
"
"
CLARKSVILLE — Post Office™
","https://tools.usps.com/find-location.htm?location=1358212
","
2031 WILMA RUDOLPH BLVD
CLARKSVILLE, TN 37040-9998
"
"
ENSENADA — Post Office™
","https://tools.usps.com/find-location.htm?location=1362649
","
6 CALLE SEGUNDA SUR
ENSENADA, PR 00647-9998
"
"
PLACERVILLE — Post Office™
","https://tools.usps.com/find-location.htm?location=1377691
","
300 FRONT ST
PLACERVILLE, CO 81430-9997
"
"
LOWELL — Post Office™
","https://tools.usps.com/find-location.htm?location=1371061
","
155 FATHER MORISSETTE BLVD
LOWELL, MA 01854-9998
"
"
PALO ALTO — Post Office™
","https://tools.usps.com/find-location.htm?location=1376686
","
2085 E BAYSHORE RD
EAST PALO ALTO, CA 94303-9998
"
"
RUSH — Post Office™
","https://tools.usps.com/find-location.htm?location=1380100
","
455 N RUSH RD
RUSH, CO 80833-9706
"
"
SHANKS — Post Office™
","https://tools.usps.com/find-location.htm?location=1381321
","
20661 NORTHWESTERN PIKE
SHANKS, WV 26761-9998
"
"
SACRAMENTO — Post Office™
","https://tools.usps.com/find-location.htm?location=1380219
","
2000 ROYAL OAKS DR
SACRAMENTO, CA 95813-9998
"
"
BROWNELL — Post Office™
","https://tools.usps.com/find-location.htm?location=1356072
","
100 W STATE ROAD 4
BROWNELL, KS 67521-9500
"
"
ALDER — Post Office™
","https://tools.usps.com/find-location.htm?location=1352639
","
2325 MT HIGHWAY 287
ALDER, MT 59710-9998
"
"
JOHNSBURG — Post Office™
","https://tools.usps.com/find-location.htm?location=1368476
","
3462 STATE ROUTE 8
JOHNSBURG, NY 12843-9998
"
"
GREEN VALLEY — Post Office™
","https://tools.usps.com/find-location.htm?location=1365555
","
105 W MAIN ST
GREEN VALLEY, IL 61534-9800
"
"
SMITHTON — Post Office™
","https://tools.usps.com/find-location.htm?location=1381895
","
222 2ND ST
SMITHTON, PA 15479-1001
"
"
BALTIMORE — Post Office™
","https://tools.usps.com/find-location.htm?location=1434368
","
900 E FAYETTE ST RM 118
BALTIMORE, MD 21233-9715
"
"
MC COOL — Post Office™
","https://tools.usps.com/find-location.htm?location=1372306
","
3258 HIGHWAY 407
MC COOL, MS 39108-9998
"
"
MALMO — Post Office™
","https://tools.usps.com/find-location.htm?location=1371557
","
158 CENTER AVE
MALMO, NE 68040-9700
"
"
TWIN MOUNTAIN — Post Office™
","https://tools.usps.com/find-location.htm?location=1385254
","
120 US HIGHWAY 3 N
TWIN MOUNTAIN, NH 03595-9998
"
"
BELLEVUE — Post Office™
","https://tools.usps.com/find-location.htm?location=1437262
","
5327 CHAMBERLAYNE RD
RICHMOND, VA 23227-9998
"
"
THOMAS — Post Office™
","https://tools.usps.com/find-location.htm?location=1384551
","
51 EAST AVE
THOMAS, WV 26292-9998
"
"
CHESHIRE — Post Office™
","https://tools.usps.com/find-location.htm?location=1357832
","
214 CHURCH ST
CHESHIRE, MA 01225-9998
"
"
PINECREST — Post Office™
","https://tools.usps.com/find-location.htm?location=1377564
","
411 PINECREST LAKE RD
PINECREST, CA 95364-9998
"
"
PERSHING — Post Office™
","https://tools.usps.com/find-location.htm?location=1377276
","
401 E MAIN ST
PERSHING, IN 47370-9998
"
"
ANTRIM — Post Office™
","https://tools.usps.com/find-location.htm?location=1353170
","
1 POST RD
ANTRIM, NH 03440-9998
"
"
WILTON — Post Office™
","https://tools.usps.com/find-location.htm?location=1387891
","
79 MAIN ST
WILTON, NH 03086-9998
"
"
TUNICA — Post Office™
","https://tools.usps.com/find-location.htm?location=1385151
","
912 MAGNOLIA ST
TUNICA, MS 38676-9998
"
"
METALINE FALLS — Post Office™
","https://tools.usps.com/find-location.htm?location=1372838
","
224 E 5TH AVE
METALINE FALLS, WA 99153-9998
"
"
FORTUNA — Post Office™
","https://tools.usps.com/find-location.htm?location=1363873
","
190 N MAIN ST
FORTUNA, ND 58844-9998
"
"
MANCHESTER — Post Office™
","https://tools.usps.com/find-location.htm?location=1440585
","
19391 US HIGHWAY 1
MANCHESTER, CA 95459-9998
"
"
ANN ARBOR — Post Office™
","https://tools.usps.com/find-location.htm?location=1353102
","
2075 W STADIUM BLVD
ANN ARBOR, MI 48103-9998
"
"
EAGLE POINT — Post Office™
","https://tools.usps.com/find-location.htm?location=1361593
","
236 LOTO ST
EAGLE POINT, OR 97524-9793
"
"
EVANSVILLE — Post Office™
","https://tools.usps.com/find-location.htm?location=1362851
","
20740 S HIGHWAY 59
EVANSVILLE, AR 72729-9998
"
"
OLNEY SPRINGS — Post Office™
","https://tools.usps.com/find-location.htm?location=1376099
","
601 WARNER ST
OLNEY SPRINGS, CO 81062-9611
"
"
FULTON — Post Office™
","https://tools.usps.com/find-location.htm?location=1364270
","
7382 LIBERTY AVE
FULTON, IN 46931-9998
"
"
SUN VALLEY — Post Office™
","https://tools.usps.com/find-location.htm?location=1383968
","
10946 RATNER ST
SUN VALLEY, CA 91352-9998
"
"
DOWNTOWN BLACKSBURG — Post Office™
","https://tools.usps.com/find-location.htm?location=1361147
","
118 N MAIN ST
BLACKSBURG, VA 24060-9997
"
"
WILMINGTON — Post Office™
","https://tools.usps.com/find-location.htm?location=1387849
","
18 CHURCH ST
WILMINGTON, MA 01887-9998
"
"
ARCADIA — Post Office™
","https://tools.usps.com/find-location.htm?location=1353249
","
209 E RACE ST
ARCADIA, KS 66711-9998
"
"
MCBRIDES — Post Office™
","https://tools.usps.com/find-location.htm?location=1372397
","
4321 DIVISION ST
MCBRIDES, MI 48852-9800
"
"
ILLIOPOLIS — Post Office™
","https://tools.usps.com/find-location.htm?location=1367850
","
463 LOUISA ST
ILLIOPOLIS, IL 62539-9998
"
"
BALDWIN — Post Office™
","https://tools.usps.com/find-location.htm?location=1438615
","
199 CENTER ST S
JACKSONVILLE, FL 32234-9998
"
"
BALDWIN — Post Office™
","https://tools.usps.com/find-location.htm?location=1438615
","
199 CENTER ST S
JACKSONVILLE, FL 32234-9998
"
"
MARION — Post Office™
","https://tools.usps.com/find-location.htm?location=1371887
","
423 E MAIN ST
MARION, KS 66861-9998
"
"
BIG FLATS — Post Office™
","https://tools.usps.com/find-location.htm?location=1354911
","
471 MAPLE ST
BIG FLATS, NY 14814-9998
"
"
MILE HIGH — Post Office™
","https://tools.usps.com/find-location.htm?location=1373076
","
450 W 14TH AVE
DENVER, CO 80204-9998
"
"
LOCKHART — Post Office™
","https://tools.usps.com/find-location.htm?location=1370742
","
404 S 2ND ST
LOCKHART, SC 29364-9800
"
"
TOOMSUBA — Post Office™
","https://tools.usps.com/find-location.htm?location=1438097
","
3936 MELVIN SWAIN RD
TOOMSUBA, MS 39364-9998
"
"
KENTLAND — Post Office™
","https://tools.usps.com/find-location.htm?location=1368902
","
309 E GRAHAM ST
KENTLAND, IN 47951-9998
"
"
MANCHESTER — Post Office™
","https://tools.usps.com/find-location.htm?location=1371611
","
3100 WESTMINSTER ST
MANCHESTER, MD 21102-9998
"
"
ISLAND FALLS — Post Office™
","https://tools.usps.com/find-location.htm?location=1368094
","
1009 CRYSTAL RD
ISLAND FALLS, ME 04747-9998
"
"
ASHLAND — Post Office™
","https://tools.usps.com/find-location.htm?location=1353499
","
14 SHERIDAN RD
ASHLAND, ME 04732-9998
"
"
ASHLAND — Post Office™
","https://tools.usps.com/find-location.htm?location=1353499
","
14 SHERIDAN RD
ASHLAND, ME 04732-9998
"
"
PINECREST — Post Office™
","https://tools.usps.com/find-location.htm?location=1377564
","
411 PINECREST LAKE RD
PINECREST, CA 95364-9998
"
"
HANKSVILLE — Post Office™
","https://tools.usps.com/find-location.htm?location=1366141
","
130 E 100 N
HANKSVILLE, UT 84734-8001
"
"
VERGENNES — Post Office™
","https://tools.usps.com/find-location.htm?location=1385836
","
725 HACK AVE
VERGENNES, IL 62994-9998
"
"
HUNTSVILLE — Post Office™
","https://tools.usps.com/find-location.htm?location=1367690
","
6493 LIMA ST
HUNTSVILLE, OH 43324-9433
"
"
MANCHESTER — Post Office™
","https://tools.usps.com/find-location.htm?location=1440585
","
19391 US HIGHWAY 1
MANCHESTER, CA 95459-9998
"
"
EAST HAMPTON — Post Office™
","https://tools.usps.com/find-location.htm?location=1361736
","
57 MAIN ST
EAST HAMPTON, CT 06424-9998
"
"
BEAN STATION — Post Office™
","https://tools.usps.com/find-location.htm?location=1354312
","
340 MAIN ST
BEAN STATION, TN 37708-9998
"
"
SOUTH TUCSON — Post Office™
","https://tools.usps.com/find-location.htm?location=1439531
","
2420 S 6TH AVE
TUCSON, AZ 85713-3405
"
"
EAST CARBON — Post Office™
","https://tools.usps.com/find-location.htm?location=1361679
","
109 W WHITMORE DR
EAST CARBON, UT 84520-9998
"
"
NEW ATHENS — Post Office™
","https://tools.usps.com/find-location.htm?location=1374626
","
200 S BENTON ST
NEW ATHENS, IL 62264-9998
"
"
EGLIN AFB — Post Office™
","https://tools.usps.com/find-location.htm?location=1362152
","
307 W VAN MATRE AVE
EGLIN AFB, FL 32542-9998
"
"
OLNEY SPRINGS — Post Office™
","https://tools.usps.com/find-location.htm?location=1376099
","
601 WARNER ST
OLNEY SPRINGS, CO 81062-9611
"
"
APPLE VALLEY — Post Office™
","https://tools.usps.com/find-location.htm?location=1438976
","
7287 153RD ST W
SAINT PAUL, MN 55124-7019
"
"
TREMONT — Post Office™
","https://tools.usps.com/find-location.htm?location=1384962
","
109 W WALNUT ST
TREMONT, IL 61568-9998
"
"
REPUBLIC — Post Office™
","https://tools.usps.com/find-location.htm?location=1379111
","
300 MADISON ST
REPUBLIC, OH 44867-9801
"
"
PAGOSA SPRINGS — Post Office™
","https://tools.usps.com/find-location.htm?location=1376587
","
250 HOT SPRINGS BLVD
PAGOSA SPRINGS, CO 81147-9821
"
"
AIRWAY HEIGHTS — Post Office™
","https://tools.usps.com/find-location.htm?location=1352516
","
1501 S MULLAN RD
AIRWAY HEIGHTS, WA 99001-9998
"
"
PITTSFORD — Post Office™
","https://tools.usps.com/find-location.htm?location=1377678
","
853 ARCH ST
PITTSFORD, VT 05763-9998
"
"
PRAIRIE CITY — Post Office™
","https://tools.usps.com/find-location.htm?location=1378312
","
108 N MAIN ST
PRAIRIE CITY, IA 50228-8686
"
"
BIG LAKE — Post Office™
","https://tools.usps.com/find-location.htm?location=1354915
","
210 E 2ND ST
BIG LAKE, TX 76932-9998
"
"
CASCADE — Post Office™
","https://tools.usps.com/find-location.htm?location=1357193
","
305 2ND AVE NW
CASCADE, IA 52033-4400
"
"
OAK HILL — Post Office™
","https://tools.usps.com/find-location.htm?location=1375719
","
129 E HALIFAX AVE
OAK HILL, FL 32759-9998
"
"
HEPPNER — Post Office™
","https://tools.usps.com/find-location.htm?location=1366767
","
167 N MAIN ST
HEPPNER, OR 97836-5001
"
"
MONTROSE — Post Office™
","https://tools.usps.com/find-location.htm?location=1373679
","
1400 HIGHWAY 165 N
MONTROSE, AR 71658-9998
"
"
WARNER — Post Office™
","https://tools.usps.com/find-location.htm?location=1386412
","
36 E MAIN ST
WARNER, NH 03278-9998
"
"
CONCAN — Post Office™
","https://tools.usps.com/find-location.htm?location=1358882
","
20948 US HIGHWAY 127
CONCAN, TX 78838-9998
"
"
SPRUCE — Post Office™
","https://tools.usps.com/find-location.htm?location=1382637
","
1495 E SPRUCE RD
SPRUCE, MI 48762-9542
"
"
STERLING — Post Office™
","https://tools.usps.com/find-location.htm?location=1383520
","
116 S BROADWAY AVE
STERLING, KS 67579-9998
"
"
BELLVUE — Post Office™
","https://tools.usps.com/find-location.htm?location=1354562
","
5301 RIST CANYON RD
BELLVUE, CO 80512-6036
"
"
MONTICELLO — Post Office™
","https://tools.usps.com/find-location.htm?location=1373638
","
125 W BROADWAY ST
MONTICELLO, IN 47960-9998
"
"
MONTICELLO — Post Office™
","https://tools.usps.com/find-location.htm?location=1373638
","
125 W BROADWAY ST
MONTICELLO, IN 47960-9998
"
"
STERLING — Post Office™
","https://tools.usps.com/find-location.htm?location=1383535
","
38161 MIDWAY DR
STERLING, AK 99672-9800
"
"
SKAGWAY — Post Office™
","https://tools.usps.com/find-location.htm?location=1381770
","
641 BROADWAY ST
SKAGWAY, AK 99840-9800
"
"
LA SALLE — Post Office™
","https://tools.usps.com/find-location.htm?location=1369426
","
524 N 2ND ST
LA SALLE, CO 80645-3309
"
"
TUNICA — Post Office™
","https://tools.usps.com/find-location.htm?location=1385151
","
912 MAGNOLIA ST
TUNICA, MS 38676-9998
"
"
MAIN OFFICE DAYTON — Post Office™
","https://tools.usps.com/find-location.htm?location=1437601
","
1111 E 5TH ST
DAYTON, OH 45401-9705
"
"
GLENROCK — Post Office™
","https://tools.usps.com/find-location.htm?location=1364987
","
703 W BIRCH ST
GLENROCK, WY 82637-9990
"
"
HINSDALE — Post Office™
","https://tools.usps.com/find-location.htm?location=1367089
","
25 MAPLE ST
HINSDALE, MA 01235-9998
"
"
BISHOP — Post Office™
","https://tools.usps.com/find-location.htm?location=1355027
","
4861 MACON HWY
BISHOP, GA 30621-9998
"
"
VIRGINIA BEACH — Post Office™
","https://tools.usps.com/find-location.htm?location=1386045
","
501 VIKING DR
VIRGINIA BEACH, VA 23452-9998
"
"
TOPEKA — Post Office™
","https://tools.usps.com/find-location.htm?location=1435650
","
424 S KANSAS AVE STE 1
TOPEKA, KS 66603-9998
"
"
WARRENSBURG — Post Office™
","https://tools.usps.com/find-location.htm?location=1386444
","
164 N MAIN ST
WARRENSBURG, IL 62573-9998
"
"
FOWLER — Post Office™
","https://tools.usps.com/find-location.htm?location=1363925
","
34191 COUNTY ROAD 3.5 STE B
FOWLER, CO 81039-9778
"
"
LEBANON — Post Office™
","https://tools.usps.com/find-location.htm?location=1370055
","
226 E GAY ST
LEBANON, TN 37087-9998
"
"
DIGGINS — Post Office™
","https://tools.usps.com/find-location.htm?location=1360850
","
505 PLAZA DR
DIGGINS, MO 65636-9998
"
"
LONG BEACH — Post Office™
","https://tools.usps.com/find-location.htm?location=1440577
","
300 LONG BEACH BLVD
LONG BEACH, CA 90802-9998
"
"
HENDERSON — Post Office™
","https://tools.usps.com/find-location.htm?location=1366707
","
121 W MAIN
HENDERSON, MI 48841-8700
"
"
GREEN ISLE — Post Office™
","https://tools.usps.com/find-location.htm?location=1365533
","
500 MCGRANN ST
GREEN ISLE, MN 55338-2201
"
"
LOWER PAXTON — Post Office™
","https://tools.usps.com/find-location.htm?location=1436508
","
5901 JONESTOWN RD
HARRISBURG, PA 17112-9998
"
"
ALDER — Post Office™
","https://tools.usps.com/find-location.htm?location=1352639
","
2325 MT HIGHWAY 287
ALDER, MT 59710-9998
"
"
KINGSTOWNE — Post Office™
","https://tools.usps.com/find-location.htm?location=1437703
","
5900 BARCLAY DR
ALEXANDRIA, VA 22315-9998
"
"
GREEN VALLEY — Post Office™
","https://tools.usps.com/find-location.htm?location=1365555
","
105 W MAIN ST
GREEN VALLEY, IL 61534-9800
"
"
READFIELD — Post Office™
","https://tools.usps.com/find-location.htm?location=1378902
","
1138 MAIN ST
READFIELD, ME 04355-9998
"
"
GLEN DANIEL — Post Office™
","https://tools.usps.com/find-location.htm?location=1364884
","
7134 HARPER RD
GLEN DANIEL, WV 25844-9998
"
"
SMITHTON — Post Office™
","https://tools.usps.com/find-location.htm?location=1381895
","
222 2ND ST
SMITHTON, PA 15479-1001
"
"
PINECREST — Post Office™
","https://tools.usps.com/find-location.htm?location=1377564
","
411 PINECREST LAKE RD
PINECREST, CA 95364-9998
"
"
ANTRIM — Post Office™
","https://tools.usps.com/find-location.htm?location=1353170
","
1 POST RD
ANTRIM, NH 03440-9998
"
"
OCEAN BEACH — Post Office™
","https://tools.usps.com/find-location.htm?location=1375847
","
315 COTTAGE WALK
OCEAN BEACH, NY 11770-9700
"
"
ATTICA — Post Office™
","https://tools.usps.com/find-location.htm?location=1353626
","
76 MAIN ST
ATTICA, NY 14011-9998
"
"
LAKEHEAD — Post Office™
","https://tools.usps.com/find-location.htm?location=1369665
","
20856 ANTLERS RD
LAKEHEAD, CA 96051-9998
"
"
LAKEHEAD — Post Office™
","https://tools.usps.com/find-location.htm?location=1369665
","
20856 ANTLERS RD
LAKEHEAD, CA 96051-9998
"
"
OCEAN BEACH — Post Office™
","https://tools.usps.com/find-location.htm?location=1375847
","
315 COTTAGE WALK
OCEAN BEACH, NY 11770-9700
"
"
KING SALMON — Post Office™
","https://tools.usps.com/find-location.htm?location=1369068
","
13 ALASKA HWY
KING SALMON, AK 99613-9800
"
"
TILLAMOOK — Post Office™
","https://tools.usps.com/find-location.htm?location=1384664
","
2200 1ST ST
TILLAMOOK, OR 97141-2441
"
"
SKAGWAY — Post Office™
","https://tools.usps.com/find-location.htm?location=1381770
","
641 BROADWAY ST
SKAGWAY, AK 99840-9800
"
"
WILLIAMSTOWN — Post Office™
","https://tools.usps.com/find-location.htm?location=1387769
","
56 SPRING ST
WILLIAMSTOWN, MA 01267-9998
"
"
SUFFOLK — Post Office™
","https://tools.usps.com/find-location.htm?location=1383833
","
445 N MAIN ST
SUFFOLK, VA 23434-9998
"
"
CUT BANK — Post Office™
","https://tools.usps.com/find-location.htm?location=1360094
","
37 S CENTRAL AVE
CUT BANK, MT 59427-9998
"
"
DOWNTOWN CHATTANOOGA — Post Office™
","https://tools.usps.com/find-location.htm?location=1361203
","
910 GEORGIA AVE
CHATTANOOGA, TN 37402-2228
"
"
GOULD — Post Office™
","https://tools.usps.com/find-location.htm?location=1365217
","
305 W JACKSON ST
GOULD, AR 71643-9998
"
"
SAN RAMON — Post Office™
","https://tools.usps.com/find-location.htm?location=1380649
","
12935 ALCOSTA BLVD
SAN RAMON, CA 94583-9998
"
"
TEHACHAPI — Post Office™
","https://tools.usps.com/find-location.htm?location=1384371
","
1085 VOYAGER DR
TEHACHAPI, CA 93561-9998
"
"
PAGOSA SPRINGS — Post Office™
","https://tools.usps.com/find-location.htm?location=1376587
","
250 HOT SPRINGS BLVD
PAGOSA SPRINGS, CO 81147-9821
"
"
PAGOSA SPRINGS — Post Office™
","https://tools.usps.com/find-location.htm?location=1376587
","
250 HOT SPRINGS BLVD
PAGOSA SPRINGS, CO 81147-9821
"
"
HAMSHIRE — Post Office™
","https://tools.usps.com/find-location.htm?location=1366115
","
25142 HIGHWAY 124
HAMSHIRE, TX 77622-0015
"
"
WOOLFORD — Post Office™
","https://tools.usps.com/find-location.htm?location=1388280
","
1614 TAYLORS ISLAND RD STE 1
WOOLFORD, MD 21677-9998
"
"
DOWNTOWN BEAUMONT — Post Office™
","https://tools.usps.com/find-location.htm?location=1361141
","
300 WILLOW ST STE 1
BEAUMONT, TX 77701-2296
"
"
STANTON — Post Office™
","https://tools.usps.com/find-location.htm?location=1383283
","
304 BROAD AVE
STANTON, IA 51573-2028
"
"
JOHNSBURG — Post Office™
","https://tools.usps.com/find-location.htm?location=1368476
","
3462 STATE ROUTE 8
JOHNSBURG, NY 12843-9998
"
"
CAMBRIA — Post Office™
","https://tools.usps.com/find-location.htm?location=1356699
","
104 N MAPLE ST
CAMBRIA, IL 62915-9998
"
"
WHEELER — Post Office™
","https://tools.usps.com/find-location.htm?location=1387455
","
500 NEHALEM BLVD
WHEELER, OR 97147-9100
"
"
CARROLLTON — Post Office™
","https://tools.usps.com/find-location.htm?location=1357121
","
3510 N MADISON ST
CARROLLTON, MI 48724-5037
"
"
DOERUN — Post Office™
","https://tools.usps.com/find-location.htm?location=1360989
","
241 W BROAD AVE
DOERUN, GA 31744-9998
"
"
SOUTH WALPOLE — Post Office™
","https://tools.usps.com/find-location.htm?location=1382313
","
44 SUMMER ST
SOUTH WALPOLE, MA 02071-9998
"
"
RULE — Post Office™
","https://tools.usps.com/find-location.htm?location=1380072
","
503 6TH ST
RULE, TX 79547-9998
"
"
MARBLEMOUNT — Post Office™
","https://tools.usps.com/find-location.htm?location=1371795
","
60096 STATE ROUTE 20
MARBLEMOUNT, WA 98267-9990
"
"
GLENWOOD — Post Office™
","https://tools.usps.com/find-location.htm?location=1365009
","
9645 STATE RD
GLENWOOD, NY 14069-9998
"
"
HINES — Post Office™
","https://tools.usps.com/find-location.htm?location=1367079
","
128 SW CIRCLE DR
HINES, OR 97738-9700
"
"
BENNINGTON — Post Office™
","https://tools.usps.com/find-location.htm?location=1354657
","
116 N NELSON ST
BENNINGTON, KS 67422-9998
"
"
WILLOW CREEK — Post Office™
","https://tools.usps.com/find-location.htm?location=1387808
","
14 MAIN ST
WILLOW CREEK, MT 59760-9998
"
"
MERKEL — Post Office™
","https://tools.usps.com/find-location.htm?location=1372772
","
222 EDWARDS
MERKEL, TX 79536-9998
"
"
MARSHALLS CREEK — Post Office™
","https://tools.usps.com/find-location.htm?location=1371972
","
315 DARTMOUTH DR
MARSHALLS CREEK, PA 18335-9900
"
"
CATAULA — Post Office™
","https://tools.usps.com/find-location.htm?location=1357282
","
20 PRESTON RD
CATAULA, GA 31804-9998
"
"
WESTLAKE — Post Office™
","https://tools.usps.com/find-location.htm?location=1437099
","
27300 CENTER RIDGE RD
WESTLAKE, OH 44145-9998
"
"
JUNEAU — Post Office™
","https://tools.usps.com/find-location.htm?location=1368613
","
248 E OAK ST
JUNEAU, WI 53039-9998
"
"
DEADWOOD — Post Office™
","https://tools.usps.com/find-location.htm?location=1360448
","
14701 HIGHWAY 36
DEADWOOD, OR 97430-9719
"
"
DOWNTOWN CHATTANOOGA — Post Office™
","https://tools.usps.com/find-location.htm?location=1361203
","
910 GEORGIA AVE
CHATTANOOGA, TN 37402-2228
"
"
QUEENSBURY — Post Office™
","https://tools.usps.com/find-location.htm?location=1433851
","
820 STATE ROUTE 9 STE 5B
QUEENSBURY, NY 12804-3598
"
"
CUMBERLAND — Post Office™
","https://tools.usps.com/find-location.htm?location=1360025
","
215 PARK ST
CUMBERLAND, MD 21502-9998
"
"
STATE COLLEGE — Post Office™
","https://tools.usps.com/find-location.htm?location=1383335
","
237 S FRASER ST
STATE COLLEGE, PA 16801-9998
"
"
MAYPORT NAVAL STATION — Post Office™
","https://tools.usps.com/find-location.htm?location=1438744
","
460 MASSEY AVE
JACKSONVILLE, FL 32228-9998
"
"
ITHACA — Post Office™
","https://tools.usps.com/find-location.htm?location=1368129
","
757 WARREN RD
ITHACA, NY 14850-9998
"
"
PROVIDENCE — Post Office™
","https://tools.usps.com/find-location.htm?location=1434586
","
24 CORLISS ST RM 100
PROVIDENCE, RI 02904-2477
"
"
SUN VALLEY — Post Office™
","https://tools.usps.com/find-location.htm?location=1383968
","
10946 RATNER ST
SUN VALLEY, CA 91352-9998
"
"
PLACERVILLE — Post Office™
","https://tools.usps.com/find-location.htm?location=1377691
","
300 FRONT ST
PLACERVILLE, CO 81430-9997
"
"
NAZARETH — Post Office™
","https://tools.usps.com/find-location.htm?location=1374500
","
9 N MAIN ST
NAZARETH, PA 18064-9998
"
"
SHERIDAN — Post Office™
","https://tools.usps.com/find-location.htm?location=1381484
","
5730 SHERIDAN LINCOLN BLVD
SHERIDAN, CA 95681-9998
"
"
PORT ROYAL — Post Office™
","https://tools.usps.com/find-location.htm?location=1378112
","
8240 PORT ROYAL RD
PORT ROYAL, KY 40058-9998
"
"
OCONEE — Post Office™
","https://tools.usps.com/find-location.htm?location=1375880
","
10 OAK ST
OCONEE, IL 62553-9998
"
"
OAKLAND — Post Office™
","https://tools.usps.com/find-location.htm?location=1375789
","
223 NE 2ND ST
OAKLAND, OR 97462-9754
"
"
VICTORIA — Post Office™
","https://tools.usps.com/find-location.htm?location=1385936
","
1003 4TH ST
VICTORIA, KS 67671-7100
"
"
BELFAST — Post Office™
","https://tools.usps.com/find-location.htm?location=1354469
","
2235 FAYETTEVILLE HWY
BELFAST, TN 37019-9998
"
"
PRAIRIE CITY — Post Office™
","https://tools.usps.com/find-location.htm?location=1378312
","
108 N MAIN ST
PRAIRIE CITY, IA 50228-8686
"
"
SCOTLAND — Post Office™
","https://tools.usps.com/find-location.htm?location=1381000
","
10 PALMER RD
SCOTLAND, CT 06264-9998
"
"
HUNTINGTON — Post Office™
","https://tools.usps.com/find-location.htm?location=1367668
","
101 HIGHWAY 71 SW
HUNTINGTON, AR 72940-9998
"
"
MAIN OFFICE DAYTON — Post Office™
","https://tools.usps.com/find-location.htm?location=1437601
","
1111 E 5TH ST
DAYTON, OH 45401-9705
"
"
AMARGOSA VALLEY — Post Office™
","https://tools.usps.com/find-location.htm?location=1352917
","
3830 E SAGE ST
AMARGOSA VALLEY, NV 89020-0482
"
"
STONINGTON — Post Office™
","https://tools.usps.com/find-location.htm?location=1383675
","
28 W MAIN ST
STONINGTON, ME 04681-9998
"
"
MARBLEMOUNT — Post Office™
","https://tools.usps.com/find-location.htm?location=1371795
","
60096 STATE ROUTE 20
MARBLEMOUNT, WA 98267-9990
"
"
MERKEL — Post Office™
","https://tools.usps.com/find-location.htm?location=1372772
","
222 EDWARDS
MERKEL, TX 79536-9998
"
"
WILLOW CREEK — Post Office™
","https://tools.usps.com/find-location.htm?location=1387808
","
14 MAIN ST
WILLOW CREEK, MT 59760-9998
"
"
GERLACH — Post Office™
","https://tools.usps.com/find-location.htm?location=1364685
","
345 E SUNSET BLVD
GERLACH, NV 89412-9800
"
"
EDDINGTON — Post Office™
","https://tools.usps.com/find-location.htm?location=1361704
","
1042 MAIN RD
EDDINGTON, ME 04428-9998
"
"
SAINT PETERSBURG — Post Office™
","https://tools.usps.com/find-location.htm?location=1380445
","
3135 1ST AVE N
SAINT PETERSBURG, FL 33730-9998
"
"
HARDYVILLE — Post Office™
","https://tools.usps.com/find-location.htm?location=1366234
","
15224 GENERAL PULLER HWY
HARDYVILLE, VA 23070-9998
"
"
JAMES A FARLEY — Post Office™
","https://tools.usps.com/find-location.htm?location=1433785
","
421 8TH AVE
NEW YORK, NY 10001-9998
"
"
STATE COLLEGE — Post Office™
","https://tools.usps.com/find-location.htm?location=1383335
","
237 S FRASER ST
STATE COLLEGE, PA 16801-9998
"
"
BENNETT — Post Office™
","https://tools.usps.com/find-location.htm?location=1354652
","
205 S ASH ST
BENNETT, CO 80102-9997
"
"
CLARKSVILLE — Post Office™
","https://tools.usps.com/find-location.htm?location=1358212
","
2031 WILMA RUDOLPH BLVD
CLARKSVILLE, TN 37040-9998
"
"
KINSTON — Post Office™
","https://tools.usps.com/find-location.htm?location=1438181
","
208 E CASWELL ST
KINSTON, NC 28501-4995
"
"
SUMNER — Post Office™
","https://tools.usps.com/find-location.htm?location=1383944
","
1313 FRYAR AVE
SUMNER, WA 98390-9998
"
"
BROADWAY RETAIL — Post Office™
","https://tools.usps.com/find-location.htm?location=1355946
","
901 BROADWAY
NASHVILLE, TN 37202-4105
"
"
SUFFOLK — Post Office™
","https://tools.usps.com/find-location.htm?location=1383833
","
445 N MAIN ST
SUFFOLK, VA 23434-9998
"
"
MIDDLETOWN — Post Office™
","https://tools.usps.com/find-location.htm?location=1372968
","
40 FULTON ST
MIDDLETOWN, NY 10940-9998
"
"
TEHACHAPI — Post Office™
","https://tools.usps.com/find-location.htm?location=1384371
","
1085 VOYAGER DR
TEHACHAPI, CA 93561-9998
"
"
GAINESVILLE — Post Office™
","https://tools.usps.com/find-location.htm?location=1364317
","
364 GREEN ST NE
GAINESVILLE, GA 30501-3310
"
"
SHANKS — Post Office™
","https://tools.usps.com/find-location.htm?location=1381321
","
20661 NORTHWESTERN PIKE
SHANKS, WV 26761-9998
"
"
EAST ARLINGTON — Post Office™
","https://tools.usps.com/find-location.htm?location=1361644
","
243 OLD MILL RD STE 1
EAST ARLINGTON, VT 05252-9998
"
"
PORT ROYAL — Post Office™
","https://tools.usps.com/find-location.htm?location=1378112
","
8240 PORT ROYAL RD
PORT ROYAL, KY 40058-9998
"
"
SAINT JO — Post Office™
","https://tools.usps.com/find-location.htm?location=1380360
","
210 S BROAD ST
SAINT JO, TX 76265-9998
"
"
LAKEVILLE — Post Office™
","https://tools.usps.com/find-location.htm?location=1369702
","
115 N MICHIGAN ST
LAKEVILLE, IN 46536-9998
"
"
LYONS — Post Office™
","https://tools.usps.com/find-location.htm?location=1371274
","
121 EAST AVE N
LYONS, KS 67554-9998
"
"
SANTA ANA — Post Office™
","https://tools.usps.com/find-location.htm?location=1380739
","
2201 N GRAND AVE
SANTA ANA, CA 92711-9998
"
"
FRIENDSHIP — Post Office™
","https://tools.usps.com/find-location.htm?location=1364187
","
5918 E MAIN ST
FRIENDSHIP, IN 47021-9998
"
"
OLIVER — Post Office™
","https://tools.usps.com/find-location.htm?location=1376078
","
232 MAIN ST
OLIVER, PA 15472-1000
"
"
NENANA — Post Office™
","https://tools.usps.com/find-location.htm?location=1374569
","
803 MARKET ST
NENANA, AK 99760-9800
"
